offensive_words,count
තෝ,397
පුක,249
ගොන්,228
හැත්ත,222
සක්කිලි,187
නොදකින්,168
පොන්න,166
තොපි,159
හුජ්ජ,146
යකෝ,146
කාලකණ්ණි,140
පකෝ,140
අවජාතක,135
පයිය,128
මෝඩ,127
රෙද්ද,116
බිජ්ජ,116
තොට,110
වේස,99
වේසි,95
හුත්ත,86
බැල්ලි,73
හරකා,68
ලබ්බ,67
බල්ලා,64
ගොං,62
පලයන්,62
කාලකන්නි,62
පර,62
කැරි,60
බඩුව,57
පක,56
කිම්බ,55
පිස්සු,54
පල,53
නාකි,51
පුකේ,51
වල්,46
ගොනා,45
හෙන,45
හුත්තෝ,43
පට්ට,43
හරක්,40
මුසලයා,37
වේසිගෙ,37
තමුසෙ,37
පිස්සා,37
සාප,36
හුත්තො,34
තොපිට,34
තොගෙ,34
බල්ලො,31
පොන්නයා,30
තූ,30
බල්ලෝ,29
පස්ස,29
ගොබ්බ,27
ගූ,27
ගෑණි,26
පරයා,25
බඩුවක්,24
පොන්නයෝ,23
තොපේ,22
පඩ,22
පකයා,21
වේසිගේ,21
මී,21
තොගේ,20
හුත්තී,19
උඹ,18
හුක,17
තඩි,17
පකේ,17
ලබ්බක්,16
පොන්නයෙක්,16
ගල්,15
කැත,15
මූ,15
හරකෙක්,15
හුත්තිගෙ,14
අමු,14
බලු,14
බූරුවා,14
පකයෝ,14
තන්,14
හැතිකරේ,14
හුකන,13
තො,13
පුතා,13
බල්ලෙක්,13
හු,13
මැරියන්,13
රෙන,12
හැමිනෙන්න,12
ඇට,12
පක්කු,12
හුකන්න,12
අයිසෙ,12
ඌ,12
කාලකණ්නි,11
වහල්,11
පුතාලා,11
හුකේ,10
ලබ්බවල්,10
මූසල,10
හිඟන,10
හුත්තක්,10
සාපයක්,10
කැරියා,10
තුක්,10
පුතෝ,9
පරට්ට,9
කාලකන්නියා,9
පරට්ටි,9
තුප්පහි,9
යකො,9
බඩු,9
ගොන්නු,9
බැල්ලියෝ,9
මුන්,9
ගස්,8
ලබ්බෙ,8
අහවල්,8
පල්ලෙන්,8
පකෙක්,8
අඩු,8
පොන්නයො,8
ගෙම්බා,8
හැත්තක්,8
පුකයි,8
කෑල්ල,8
බඩ,8
කරුමයක්,8
හොර,8
නෙදකින්,8
හුත්තිගේ,8
බූරුවො,8
හෙණ,8
කුහක,8
කොල්ලො,8
ඌරා,7
ටෞකන්ඩ,7
රෙද්දෙ,7
රෙදි,7
ඇටේ,7
චූ,7
වැඩ,7
හුකන්නා,7
ඌට,7
පක්,7
ගොබ්බයෝ,7
පයියක්,7
පලයං,7
ඕයි,7
වඳ,7
නැති,7
තොපෙ,7
බිජ්ජො,7
මැටි,7
හුත්තෙක්,7
මොංගල්,7
තුහ්,7
උස්සන්,7
පකයලා,6
පකයි,6
බං,6
අම්මට,6
තු,6
පුකට,6
පරයො,6
ගහනවා,6
ජංගි,6
රෙද්දක්,6
බිජ්ජෝ,6
ආතල්,6
මීහරකා,6
වේවා,6
යක්කු,6
අමන,6
පුතෙක්,6
හැත්තට,6
බැල්ලිගේ,6
පාහර,6
නෙද්දකින්,6
වේසියක්,6
පකයො,5
පරයෙක්,5
අවලම්,5
වේසා,5
හුකාපන්,5
පොන්නය,5
කොල්ලා,5
මුසලයෙක්,5
ගහපන්,5
පොඩි,5
වේසියෙක්,5
මෝඩයා,5
උඹේ,5
දෙක,5
බිජ්ජක්,5
අවජාතකයෝ,5
වේ,5
හුකන්නෝ,5
නන්නානේ,5
ටහුකන්ඩ,5
ගෝත,5
තොපිම,5
කටට,5
හුත්ති,5
බැල්ලිගෙ,5
බූරු,5
කිම්බට,5
වේසියේ,5
පඳුරු,5
මෝඩයෝ,5
මොඩ,5
වේසකමේ,5
කුලේ,5
විසේ,5
මහ,5
බිජ්ජෙක්,5
දෙන,5
තමුසෙගෙ,5
වනචර,5
ඒකි,5
තෝව,5
පාදඩ,5
අවජාතකයා,5
තොපිල,5
නොදකිං,5
හුත්තා,5
උන්,5
හොරෙක්,5
පො,5
හුකා,5
නෑ,5
තොපිලා,5
හුත්තක්ද,5
වේසියෝ,5
හුකනවා,4
ජෝක්,4
අස්සේ,4
බොරු,4
ගහනව,4
අලි,4
වේසී,4
තමුසෙලා,4
කාළකණ්නි,4
ගෑනු,4
පොල්,4
මැරිය,4
අසික්කිත,4
කට,4
පඩයක්,4
කරුම,4
ජඩ,4
බූරුවෝ,4
කෙරි,4
මූසලයා,4
පරයෝ,4
බොල,4
දෙන්න,4
නුගත්,4
රෙද්දේ,4
ඩෝ,4
වැඩක්,4
මරි,4
බඩුවට,4
බැල්ලියෙක්,4
හුත්තලා,4
පුප,4
හුකන්ඩ,4
මිනිහෝ,4
සක්කිලියා,4
ගෑණියෙක්,4
පුකවල්,4
කැරිම,4
මූසලයෙක්,4
හුත්තවල්,4
දේශපාලුවෝ,4
අනේ,4
හාල්,4
පෙරේත,4
උබ,4
චීත්ත,4
හෙනම,4
පොන්නයොත්,4
උඹලා,4
හුත්තට,4
කාරයෙක්,4
පකයට,4
රෙන්න,4
පෙරේතයා,4
පුකක්,4
වේසියන්ට,4
ගෑණු,4
පු,4
ඕකුන්,4
පකයෙක්,4
කාලකන්ණි,4
ටහුඩු,4
මැරෙන්න,4
ලොන්ත,4
හොරු,4
එක,4
ලබ්බේ,4
නිවට,4
පිස්සෙක්,4
අවජාතකයො,4
බල්ලන්ට,4
පච,4
කුනු,4
කම,4
පකය,4
වේසකම්,4
පුකෙන්,4
පලයව්,4
තවුසෙ,3
ප,3
වහල්ලු,3
පොන්සියෝ,3
හුකලා,3
මුන්ට,3
කාපන්,3
වස්සෝ,3
වැල,3
මෝඩයො,3
කැරියෙක්,3
පැත්ත,3
ලෙව,3
වෙලා,3
ඇරලා,3
උට්ටෝ,3
රිලා,3
කුණු,3
කාරයෝ,3
ලබ්බක්ද,3
බිජ්ජට,3
මැරියං,3
කන්න,3
උබෙ,3
දෙකේ,3
හැතිකරේට,3
පිස්සො,3
ගෑනියෙක්,3
බුරුත්ත,3
හැමිනෙන්නේ,3
ලබ්බා,3
වෙසි,3
හරක්ට,3
වේසියෙකුට,3
පුතාල,3
පයියේ,3
හුකහන්,3
හුකපන්,3
යකා,3
නොදෝමකින්,3
හෙළුව,3
හුකයි,3
මානසික,3
කලු,3
හොරිකඩ,3
හැත්තගේ,3
ලබ්බෝ,3
කොන්ද,3
අම්මගේ,3
හුත්තල,3
ගහලා,3
පරහැත්ත,3
හුත්තේ,3
ආච්චිට,3
ගෑනුන්ට,3
කක්කි,3
කාළකන්නි,3
මුං,3
බිජ්ජොන්ට,3
වේසිඟේ,3
උඹට,3
වෙසිගෙ,3
පොන්නකම,3
පඩංගු,3
ගහන්න,3
කැ,3
පකා,3
හිකනලා,3
පල්,3
ගෙරි,3
වලත්ත,3
ගඳ,3
ගහපං,3
කැරියො,3
දාර,3
මරනවා,3
පලකෝ,3
පිම්පි,3
ජරා,3
වේසාවා,3
පිම්පියො,3
තමුසෙට,3
හොරා,3
ඌරු,3
මූට,3
කාලකන්නියෙක්,3
තඩියා,3
කිම්බක්,3
ගල,3
කිබි,3
කකා,3
අපත,3
බැල්ලී,3
තමුසෙත්,3
කරලා,3
පජාත,3
ලබ්බකටද,3
කපලා,3
තම්බි,3
ශාප,3
ගහපිය,3
බිජ්ජා,3
ලෙවකන,3
වහලා,3
අසූචි,3
බැල්ලිට,3
පුත්තලම්,3
කන,3
මැරිලා,3
නපුන්සකයා,3
ඉරාගෙන,3
ගඳයි,3
නාකියා,3
සිපයියෙක්,3
බරක්,3
බයියෝ,3
ටහුකන්න,3
බඩ්ඩක්,3
අප්පිරියයි,3
කඩේ,3
පනික්කියෝ,3
කපනවා,3
පොන්නයන්ට,3
කෙලින්නේ,2
අම්මගෙ,2
කොල්ල,2
උම්බෙ,2
රි,2
බයිලා,2
හුයන්නක්ද,2
හුකුස්සා,2
ගති,2
තිරිසනා,2
වඳුරා,2
කතා,2
මුසල,2
වලත්තයා,2
බුලෙයා,2
ගලයි,2
කොට,2
මැරෙන,2
පුකත්,2
හූ,2
පලයන්කෝ,2
පවු,2
ගෑණිට,2
ගෑණිගෙ,2
පක්කො,2
මුංට,2
වලා,2
වෙසී,2
අමාරුවක්,2
ගෝතයා,2
හාවා,2
හුකාපං,2
ගල්කෙප්ප,2
නොදැකින්,2
හුකපං,2
තොපිත්,2
බලාපිය,2
මැරිල,2
චාටර්,2
රැල,2
මැරීයන්,2
උට්ටො,2
මරන්න,2
කොලු,2
ජාතිවාදී,2
පුකෙං,2
කපනව,2
පයියෙං,2
පකයල,2
කටක්,2
හැකර,2
පුකෙනුත්,2
බැල්ලියේ,2
වැලි,2
බහුජ්ජ,2
හිගන්නෝ,2
කෑලි,2
හොරෙක්ට,2
කලිසම,2
ගොඩේ,2
බල්ලන්ගේ,2
බයියො,2
අසික්කිතයි,2
කුපාඩි,2
වේසියො,2
වාහෙලා,2
සාපේ,2
ලෙවකන්න,2
මුට,2
මෝල,2
නාකියෙක්,2
මෝඩයෙක්,2
මොඩයා,2
මීහරක්,2
පුපයි,2
නැට්ට,2
මූකලන්,2
කරුපයියා,2
පයියා,2
ගැණි,2
තුප්පැහි,2
කියපන්,2
සම,2
හැඳි,2
ජංගිය,2
දීපන්,2
කක්කා,2
හම්බයො,2
කපල,2
මේකි,2
කෙල,2
හිටපිය,2
භල්ලෝ,2
අම්බරුවෝ,2
හැතිකරය,2
තිරිසන්නු,2
සිපයි,2
මොංගල්ද,2
මූසලී,2
ඌව,2
තැරි,2
බිජ්ජේ,2
කාරයා,2
තප්පුලනවා,2
ඇරගන්න,2
ටවුකන්න,2
හැමිණෙන්න,2
හුකෙ,2
ටොයියන්ට,2
අසමජ්ජාති,2
පනුවො,2
ටහිකෙනවා,2
මොඩයෙක්,2
පුකෙත්,2
බැල්ලියක්,2
බේරෙනවා,2
නොට්ටිගේ,2
කැහුටු,2
බුරු,2
මුසලයෝ,2
කෑවා,2
සිකේ,2
බඩුවම,2
බූරුවට,2
තොපිලට,2
සමනල්,2
අඩො,2
කැහි,2
තොත්,2
වෙසිගේ,2
යන්න,2
පයි,2
සක්කිලියෝ,2
හිවලෙක්,2
දෙනවා,2
ගහගනිං,2
මැසි,2
බල්ලන්,2
බොරුකාර,2
පුක්,2
අමනුස්ස,2
බයික්,2
නැතුව,2
කාපිය,2
හැමනෙන්න,2
කුප්ප,2
හුකන්නලා,2
වාහේ,2
තට්ට,2
නාම්බෝ,2
රෙන්ඩ,2
අහිකුණ්ටිකයො,2
පොන්නකම්,2
කාලා,2
මොන්ගල්ද,2
මූසලය,2
අසහනකාරයා,2
කාලකණ්ණියෙක්,2
අම්මා,2
නොදී,2
චුත,2
වෙයන්,2
වනචරයා,2
වැලලෙන්න,2
පිම්පිය,2
මාලු,2
පොට්ටයෝ,2
ඕයී,2
අඩෝ,2
පලන්න,2
බැල්ලියන්ට,2
මුන්ගේ,2
කෙලින්න,2
පොන්නයොයි,2
පකෙ,2
තුට්ටු,2
උල්ද,2
අලුගුත්තේරු,2
උගේ,2
කාලකණ්ණියා,2
ලොල්ලෙක්,2
කමේ,2
කුණුහරප,2
නපුංසක,2
සිපයියෝ,2
ගොබ්බයෙක්,2
රීලා,2
මූම,2
තමුසෙල,2
තිරිසනෙක්,2
හිපාටුවෙක්,2
ගණිකාව,2
ගරන්න,2
යකූ,2
බන්,2
කිම්බේ,2
ගු,2
අම්මලා,2
තෝත්,2
පඩත්තල,2
ලෙඩ,2
ගැනිගේ,2
ටෝ,2
පල්ලෙ,2
අමුම,2
තමුසේ,2
ඌරෙක්,2
තක්කඩි,2
පෙති,2
රිලවා,2
නපුංසකයන්,2
හෙනගහපන්,2
වේසියොත්,2
උඹව,2
හිත,2
බල්ලනේ,2
චීත්තයක්,2
හුකවන්න,2
කුනුහබ්බ,2
ටහුකන,2
පයියො,2
පුපට,2
බයියෙක්,2
වස්සෙක්,2
මුගෙ,2
මළ,2
වාගේ,2
මුගේ,2
බොලව්,2
තම්බියා,2
කාළකණ්නියා,2
ගුටි,2
කුහකයො,2
කරුමේ,2
හැතිකරයක්,2
තෝවා,2
ටහිකෙන,2
පුකෙ,2
පාහරයන්,2
පොන්,2
ගෑනි,2
බලපියව්,2
බූරුවෙක්,2
කමට,2
බෙහෙත්,2
කොල්ලෙක්,2
අම්මප,2
පලකො,2
අම්ම,2
ඕනේ,2
හෙණම,2
දුප්,2
ගණිකාවක්,2
නොහුකා,2
හැමිනෙන්නෙ,2
මොනෞත්තක්ද,2
උන්ගෙ,2
බහුජ්ජයො,2
කපන්,2
නූගත්,2
තොගෙන්,2
ඊයා,2
පකිස්,2
කරුමෙට,2
පකෙක්ද,2
පක්කුන්ට,2
උරලා,2
දෙකත්,2
බල්ලොන්ට,2
ගොබ්බයි,2
රෙද්දක්ද,2
සුනඛයෙක්,2
තෝපි,2
තොපිව,2
ගැනු,2
ට,2
හිවල්,2
තප්පුලන්න,2
චරිත,2
ඇනපිය,2
බෙල්ල,2
කපන්න,2
හුත්තෙ,2
පරය,2
එකා,2
හුකන්නේ,2
හම්බ,2
හද්ද,2
අංගවිකල,2
මෙලෝ,2
රහක්,2
හිවල්ලු,2
සාපලත්,2
හත,2
පදුරු,2
පන,2
ගොන්නුන්ට,2
හැතිකරෙ,2
හොක්ක,2
පකක්,2
පොන්නයෙක්ද,2
කිම්බවල්,2
කොල්ලෝ,2
ගහන,2
සක්කිලිය,2
හුකන්නල,2
වෙඩි,2
දෙකයි,2
සත්තු,2
නියාලු,2
උස්සලා,2
මෝඩයෝය,2
යන,2
බෑ,2
හිටං,2
පකද,2
අපතයෙක්,2
හැලපයා,2
පස්සෙ,2
බේබදු,2
නොසන්ඩාල,2
මකබෑවිලා,2
තිරිසන්,2
කුහකයන්ට,2
පොන්සියා,2
අං,2
ගෑණිගේ,2
කෙබර,2
දෙකෙන්,2
කොටුවක්,1
අජූත,1
භූත,1
ඕකිට,1
පලු,1
සීනිබෝල,1
හඩු,1
ගද,1
උන්ට,1
ඝනගෙඩියො,1
බඩුවකටනි,1
වංචාකාරයෙක්,1
කං,1
වලලාගෙන,1
තලන්නෙ,1
පිම්පියට,1
වෑල,1
පජාති,1
පුකටද,1
ඇනගත්තු,1
නිව්මෝනියා,1
උඹලත්,1
මුස්ලිම්,1
පොන්නයෝය,1
හැදිගෑවියන්,1
කාලකනින්ට,1
ශිවන්යෙක්,1
මීරක්,1
නොදමකින්,1
හාල්පාරුවෝ,1
ඉදහන්,1
මකබෑවෙලා,1
යකෙක්නෙ,1
දීදී,1
ජිවිත,1
කෙලිනවා,1
හැමනෙන්නට,1
බූදලේ,1
බේරීම,1
උබව,1
කොනකපාලයා,1
දීපල්ලා,1
පකයින්ගෙන්,1
පයිවලින්,1
කැරියෝ,1
බල්ලොන්ගේ,1
ජහජරා,1
නෙව්ස්,1
හුක්තෝ,1
බූරුවෙකුද,1
කවලම්,1
තම්බයියාගේ,1
වරෙන්,1
තියං,1
ඔකී,1
කක්ක,1
උකාලා,1
පකඩ,1
හිතාගනිං,1
සොත්ති,1
ගහානවා,1
වඳවෙයි,1
මූසළයා,1
තියන්න,1
හුත්තෙන්,1
ගෑනිගේ,1
බුරන්න,1
මෝඩකමට,1
මකබෑවිලාම,1
මකබෑවිලි,1
හැපින්නියත්,1
හැපින්නක,1
පකරෙන්තු,1
හුත්තික්කොලුකෙල්ලනේ,1
බිජ්ජොන්ව,1
හුටු,1
සිපයියොද,1
හෙනගහවා,1
හුත්ත්වල්,1
නැ,1
මැරුනට,1
පරයන්ට,1
ලොද,1
පකයව,1
පාකයෝ,1
පණහෙ,1
බුරිත්,1
රැලෙන්,1
මෝඩකම,1
බුරැච්චි,1
පෙන්නන්න,1
පෙන්වීමෙන්,1
ලේවකාල,1
නවත්තපියකෝ,1
පෞ,1
පකර්,1
ගොංපොන්නයො,1
වැලලියන්,1
වේසාවියක්,1
හුණු,1
ගුද,1
පලාගන්න,1
ටෞකනවා,1
පිත්තමා,1
අරාබි,1
ලූස්,1
වස්සා,1
බතලයා,1
ජංගියේ,1
පකෝමේ,1
පයියට,1
දීගෙන,1
කුප්පි,1
මු,1
පපයා,1
ඌකාපන්,1
පාහරයිද,1
නරින්ගේ,1
අන්තවාදීන්ට,1
අන්තවාදී,1
නායකයෝ,1
පලනවා,1
මාර්ගෙනම්,1
හානව,1
අයින්න,1
හුකනාතල්,1
හුත්තකටද,1
කටු,1
අඳින,1
හිගාකන,1
හමන්නලා,1
හැමිනෙනවා,1
නාකිම,1
කාලකණ්නියා,1
සුනඛයෝ,1
අැදලා,1
කනෙන්,1
ලගින්ම,1
ගොන්ද,1
පොන්නයද,1
නපුංසකයො,1
රාක්ෂ,1
පැත්තෙන්ද,1
ගොන්වස්ස,1
වැස්සිකක්,1
පුක්මන්තෙක්,1
පුක්මන්තලා,1
පුක්මන්තලාට,1
ජොකා,1
කරුමක්කාර,1
භල්ලො,1
පිස්සූන්,1
කපයි,1
රෙද්දෙන්,1
දිය,1
පතායා,1
බඩුවමයි,1
විජ්ජා,1
සෙප්පඩ,1
ගරන්නට,1
පයියවල්,1
මෝඩයෙකුට,1
වල්කමේ,1
මූව,1
හිටපු,1
හැමිනෙන,1
පාහරයෙක්,1
අලියෙක්,1
බබ්බුද,1
වසලයෙක්,1
ඌගේ,1
නැට්ටුක්කාර,1
අවජාතකයකු,1
ජොලියට,1
මීහරකෙක්,1
බබාහුකුං,1
දාන්න,1
බයියත්,1
පොන,1
හිටපන්කෝ,1
පයියවලුයි,1
ටිංකිම්බොයි,1
නැනේ,1
හුකෝනව,1
වේසිගෙපුතා,1
පුතාලට,1
පොරගේ,1
තම්,1
ෆක්,1
සංසර්ජන්ගෙ,1
බෝම්බ,1
කටටම,1
අන්තවාදීන්,1
බල්ලන්ගෙ,1
පුත්තුන්ට,1
කැරියන්ව,1
වෙනවා,1
තොපිලාට,1
වැලක්,1
වේසියොන්ට,1
කුජීත,1
බූතයො,1
කල්ලතොනියෝ,1
උන්ගේ,1
අමනයො,1
හිගන,1
වනචරයෙක්,1
උන්මන්තක,1
මැරෙන්නේ,1
දාලා,1
පණුවො,1
වාචාල,1
උට්ටටක්,1
කනට,1
ගහන්නෙ,1
හෙනකදයා,1
පිම්පීයෝ,1
මූසලේ,1
හූනු,1
හුකනව,1
පිරිමි,1
දුවන්නේ,1
bitch,1
ටෞකණ්ඩ,1
හුටස්ලයි,1
බිජ්ජෝයි,1
ගෙම්බෝ,1
තිරිසන්නුන්ගේ,1
කුහකයෝ,1
කුඩ්ඩොයි,1
උඕෙ,1
කොටියො,1
කොටයි,1
පලල්,1
ඩාලින්,1
බල්ලවත්,1
සිගේ,1
කන්,1
මූසිලයන්ගෙන්,1
හුකපි,1
ගැනිගෙ,1
කැහිල්ලක්,1
පකෙක්ගේ,1
ලෙවක්ස්නවනම්,1
පත්තිනි,1
උස්සන,1
බයියෙක්ව,1
ජම්බෝලයා,1
බඩා,1
ඉල්ලන්,1
හුටන්ලා,1
තවුසෙට,1
මැට්ටෝ,1
මරිමෝඩ,1
අවදානවැස්සියෙක්,1
කියාපිය,1
හාල්පාරුවෙක්,1
හාල්පාරුවො,1
පූම්බා,1
පාහරයව,1
කල්ලතොනි,1
අඳබාලයෝ,1
උලතියන්න,1
අකුලෝලම,1
මැරියව්,1
දේශපාලුවන්,1
වට්,1
Teamදිගපයිය,1
කාලලන්නි,1
මයිලක්,1
පාක්කු,1
හූනූ,1
මොංගලයගේ,1
පුස්,1
යක්කුන්ට,1
කබලා,1
රේඩියො,1
කක්,1
වස,1
තමුසෙලගෙ,1
තමුසෙලයි,1
කබරයෝ,1
ගං,1
කාලකන්නින්ට,1
අප්පට,1
ඌවම,1
කාලාකණ්ණි,1
වෙස,1
ගොන්බයියො,1
නොදෝකින්,1
ගොන්නූ,1
හුචක්කු,1
උබලා,1
කුඩු,1
අවජතකයන්ටත්,1
හැලුනොත්,1
හුයන්නෝ,1
බඩ්ඩම,1
යන්නෙ,1
බොක,1
පකීර්ල,1
ඩේසිය,1
හොරුන්ට,1
එකි,1
හුකවනවා,1
ගස්ලබ්බ,1
බහෟකාපන්,1
චාරය,1
න්නයාගේ,1
ලපයෝ,1
පාහරයන්ගෙ,1
පොන්නයෙක්ම,1
හිකීම,1
හිපාටුව,1
ගොබිලොද,1
ගොබිලො,1
පකීර්ද,1
වෙන්න,1
කහන්නේ,1
වේසිගෙපුත්තූ,1
නැමෙයි,1
ගලෝලා,1
කලිසමත්,1
පාරුවා,1
කුනුහරිප,1
රෝහලක,1
වඳුරන්,1
හරකෝ,1
හුයන්නක්,1
හුයන්න,1
නොහුකම,1
හුකන්නෙ,1
බැත්,1
ගොන්නුන්ගේ,1
දිදී,1
ගොංවස්සො,1
හැමිනෙනවානේ,1
මොංගලයොම,1
බූරූ,1
අගමැතියා,1
සුනක,1
නිල,1
ගොයන්,1
මීමැසි,1
කුම්බාන්ඩ,1
වහු,1
කටුස්සි,1
ගොබ්බයා,1
කොනකපා,1
ඌටත්,1
තුච්ඡ,1
වාහෙලට,1
දෙපරන්ද,1
හැමනුනේ,1
බල්ලොද,1
හැමිණියං,1
බයියන්ට,1
උත්තො,1
ගහයි,1
පක්කාලි,1
ටොයියන්ගෙයි,1
බයියන්ගෙයි,1
බූරුවාගේ,1
බලයෙක්,1
බෙබා,1
පලයම්,1
ගොබ්බයන්ට,1
රොම්බ,1
ගෙම්බියො,1
කාලාකන්නි,1
බැල්ලියොන්ගෙ,1
බඩුවගේම,1
අඩෙ,1
පැලෙන්න,1
අමිමලාට,1
කැතේ,1
චික්,1
ත්ත,1
ගැණියෙ,1
ශුකාණු,1
තොල්ලා,1
ගුදය,1
මරයිනෙ,1
ඇනල,1
ටොකු,1
පෙට්ටි,1
මොනෝත්තකටද,1
පෑලියාව,1
අවජාතකයෙක්,1
අවජාතික,1
ලබිබටම,1
බඩුවකගේ්,1
පොංනයෙක්,1
හීරලුවෙක්,1
තඩියෙක්,1
මිරිකන්න,1
කනවැන්දු,1
ගහන්නෑනේ,1
හොල්මනක්,1
උකවා,1
බස්සොත්,1
එළදෙන,1
මැරිලයන්නඔ්න,1
තොපිලවගේ,1
හාල්පාරු,1
තම්බියෙක්,1
ඇරලදෙනවා,1
නරිය,1
දැන්,1
මැරෙනවා,1
කුණුවෙලා,1
නාකියෝ,1
අස්සෙ,1
ලොක්කෙක්,1
පකයන්ට,1
අලිපුකෙන්,1
වෙච්ච,1
ජාතක,1
බල්ලෙක්ට,1
ගස්බල්ලෝ,1
පිංගුත්තරයෝ,1
මීහරකුන්,1
ගෑවිලා,1
හිරිකිතයි,1
උත්ටෝ,1
සමනලයා,1
ගොන්ජා,1
වස්සියෙ,1
පකෙන්තුවන්ට,1
පුපුරල,1
පිහියදැමිමා,1
සරමේ,1
ගෝතයෙක්,1
රික,1
පලා,1
දෙමල,1
පමල,1
උක,1
පාරු,1
ලන්සි,1
ලක,1
පන්සි,1
මුඛය,1
පඩික්කම්,1
පොයිය,1
හොරාගෙ,1
ඔළුවෙන්,1
ඕකගෙ,1
කඳන්,1
චීත්තෙ,1
මලඉලව්ව,1
මොංගලයෝ,1
පුකක්නෙ,1
හුක්කුං,1
ලමයෙක්ට,1
ලොවින්න,1
ලබ්බො,1
හිලත්,1
හපලා,1
කැහුට්ටු,1
කොත්තු,1
නර,1
ලැජ්ජයි,1
කරනවා,1
ගහපියවු,1
පලයංකෝ,1
ගොන්නුනේ,1
පකිස්තාන්පොන්නයෝ,1
සිපයියො,1
වහුතු,1
බහුකාපන්,1
නගින්නෙ,1
කොන්ඩයා,1
තට්ටයා,1
හකරා,1
බඩගෝස්තර,1
ටහිකේ,1
රාලලා,1
පුන්නක්කු,1
වෙවා,1
හම්පඩයො,1
වහ,1
වාතයක්,1
නොදොමකින්,1
මැරියක්,1
මල,1
කිම්බෙ,1
පකෙක්ට,1
රැලක්,1
ගෙම්බන්පිල,1
කර,1
තොත්තු,1
පුk,1
සුද්දෝ,1
වේසිගේපුතේ,1
බඩුවත්,1
කාලකන්නිකමකට,1
සේවයේ,1
ගණිකා,1
ගෑනුටික,1
ඔල්මාද,1
සතා,1
වසලයා,1
උබට,1
ගේ,1
පරට්ටයන්ව,1
ගූපුච්චන්,1
සින්,1
අතේ,1
කෙලවුන,1
සයිස්,1
අනුන්ගෙ,1
හුකන්නෙක්,1
පුකද,1
අඩේ,1
හුකන්නොන්ට,1
ගොබ,1
කරයි,1
හැතිරි,1
නාකියිද,1
කෙලින්,1
අමාරුකාරයෙක්,1
මොලේ,1
ලොංත,1
වහලෙක්,1
හුත්තකටම,1
මරිමෝල්,1
කාලකාන්නි,1
මකබැවිලා,1
පලයව්කො,1
හැතිකරයට,1
බඩුකෙලි,1
පිම්පියන්ටයි,1
වේසියන්ටයි,1
කහනවා,1
කුලෙ,1
පාපතර,1
දෙශපාලුවෙක්,1
අසික්කිතම,1
වැදියාආආආආන්,1
බොලාගෙ,1
ඌගෙ,1
වානරයෝ,1
හෙලුව,1
ලබ්බන්ටයි,1
ගාය,1
ගිනිපුක්,1
වී,1
වැටීයන්,1
ලිස්සා,1
බූරුවෙක්ට,1
හොම්බට,1
නපුර්සක,1
පකීර්,1
හිල,1
වයිරී,1
බූරුවෙක්ද,1
අම්මලට,1
පාණ්ඩුව,1
ෆොන්න,1
බබාහුකුම්,1
කාලකණ්ණිම,1
දැනගනින්,1
රංගොන්ජා,1
කැරිමලයිස්,1
මි,1
සිඟිති,1
උපන්,1
බට්ටෙකු,1
සිපයියා,1
පේන්න,1
කහන්නෙ,1
පිහියකින්,1
හිකිනත්,1
සුදු,1
ගෝතය,1
ගෑවියෝ,1
හැදිම,1
රෙද්දවල්,1
බුදිය,1
තිරිසනෝ,1
යෝනියකටද,1
ගෑණියේ,1
පිස්සුද,1
හිනාවෙනව,1
හුකම්නලා,1
රෙවිලා,1
කුහක්,1
තෝවගේ,1
කථානයකයො,1
රෑළක්,1
ලෙවකාගෙන,1
මැටිමෝල්ලු,1
ගැලෙව්වා,1
සක්කිලියෙක්ගේ,1
බිලිංජා,1
කුක්කු,1
හැමිනුනාම,1
බඩුම,1
නෙලපියව්,1
ශාපයක්,1
බූරුවෙක්නෙ,1
බැසීම,1
අනින්න,1
අමනයා,1
නෙට්වක්,1
මව,1
මොරාල්,1
ගෙ,1
බිජු,1
තොපිටනම්,1
පුකදෙන,1
හෙනයක්,1
කොටියෝ,1
ලැජ්ජ,1
කැල්ලා,1
බරී,1
කරපංකෝ,1
කිම්බෙක්,1
ගෑනියෙ,1
නෙද්දකිං,1
තෙප්පිලි,1
සිපයියන්ගේ,1
පනහේ,1
හ්,1
හොරෙන්,1
කැඩිච්ච,1
බමුණා,1
නපුන්සක,1
පකයාගේ,1
මූණ,1
පොන්නසේකාගේ,1
සමනල,1
පකයින්ට,1
දාල,1
කබ්බ,1
බිජ්ජෙ,1
බිජ්ජන්,1
නදෝමකින්,1
කුණුහබ්බයක්,1
හැමිනෙනවද,1
පිං,1
පහේ,1
මහපොලොවට,1
බුරුවෝ,1
හොරාට,1
බලපන්,1
තීද,1
එකක්,1
පානවා,1
හරක්ගේ,1
පයියෝ,1
හැම,1
ඇටයක්,1
හැමිනිච්ච,1
වදයක්නෙ,1
මැදමුලනයා,1
නානෝ,1
කපපු,1
කොන,1
ලංසි,1
සයිකොද,1
භූගත,1
හැලිලා,1
වැටියං,1
ගැඩවිල්,1
උබලගෙ,1
ඇටදෙකේ,1
ලබ්බටද,1
සමහරක්,1
පාහරයා,1
බීපිය,1
බල්ලන්ව,1
දෙමළ,1
යන්නේ,1
අසික්කිතය,1
පිස්සුදෝත්තෝ,1
ගැලවේ,1
මුද්දර,1
බලල්ලු,1
සක්කිලියෙක්,1
හුකාගන්නෙ,1
දානවා,1
රෙද්දටම,1
බඩුකාරයෙක්,1
නරුමයෝ,1
කාලකන්ණියෙක්,1
කම්බ,1
කම්,1
තවුසේට,1
තවුසේ,1
පාරෙරෙනවුන්,1
වෙවුලන,1
සක්කිලිම,1
රෙද්දම,1
රෙන්,1
නාකියායෝ,1
ගැනියේ,1
ඇබලයෝ,1
හුකන්නම්,1
වෙX,1
ඕන,1
එලවන්න,1
අන්තවාදියන්ව,1
හෙනේ,1
හුයන්නකුත්,1
කරුමයක්ද,1
බැල්ලියොත්,1
ලබ්බන්ට,1
සිපයියන්,1
පලයල්,1
ශාපවේවා,1
පුකකට,1
හැමිනියන්,1
ගිලිනව,1
පම්කුනේ,1
සැමන්,1
පැටවු,1
කැටයම්,1
කාලකන්නයි,1
වලපල්ලට,1
වසලයන්ට,1
මල්ට්ප්ල්ග්,1
තොනෙ,1
පකටම,1
හමුනන්න,1
වඳයි,1
බුරුත්තම,1
උගුඩුවෝ,1
රට,1
හම්බයෙක්,1
වේXගෙ,1
බිජ්ජන්ට,1
හුකමො,1
පකයිලා,1
මුඩුක්කු,1
වහල්භාවය,1
පරගෑණුන්ට,1
ඉරන්,1
ලොන්තපෝල්,1
තොම්පලේ,1
කටේ,1
ගහන්,1
ගහන්නෙපැයි,1
මරන්නෙ,1
හැමින්නෙන්න,1
හුකෝලා,1
බැසිලයා,1
වල්පකයෙක්,1
බැල්ලීගේ,1
බස්සො,1
බම්බුවක්ද,1
කටුමාරිස්ලට,1
මේවේසියන්ට,1
කෙල්ලේ,1
තොටයි,1
බල්ල,1
පුතාව,1
කපනවයි,1
බෙබදු,1
අම්මගෙර්,1
කොටියා,1
වස්තියා,1
මූසලයි,1
පොල්ල,1
තොගේම,1
කලකනි,1
වැහි,1
අගමැටි,1
සුනඛයින්,1
නපුන්සකයින්,1
හුකාන්,1
විකාරකාරයො,1
පරයගෙන්,1
ජංගියත්,1
බිජ්ජව,1
bitches,1
පලයවු,1
මකබෑ,1
බතලියක්,1
උස්සං,1
පූස්,1
ජතියක්,1
ජරාම,1
ගෝන්,1
මන්දමානසිකයින්,1
පම්කයා,1
මුන්ටත්,1
එකේකෞත්තවල්,1
බස්සා,1
කැරපොත්තා,1
වේසිගෙපුතාලා,1
ඩබල්,1
නම්බොත්,1
හුජජ,1
බයියන්ගෙ,1
ගොලු,1
මැඩි,1
උගුස්සගෙ,1
හම්පඩ,1
පලයන්කො,1
ගොබ්බන්ට,1
මල්,1
කටා,1
ලැට්,1
මීමා,1
නොදකු,1
ෆුකක්,1
කමක්,1
උගත්,1
ලබ්බකට,1
හෑයියා,1
කක්කුසියේ,1
බර,1
විකෘති,1
ජාන,1
හුකන්නලාට,1
අම්බ,1
වත්,1
කෙහෙල්,1
බල්ලොත්,1
පඹයා,1
කැඳයා,1
රිලවො,1
කොළුකාරයගෙ,1
පුකේඉදන්පිස්සු,1
වේසියෙ,1
තෝට,1
නෙමෙයිනේ,1
ගහ,1
කාළකන්නියො,1
ලබ්බට,1
මෝඩයයා,1
ලොම්බා,1
පකො,1
කියවපන්,1
ලබ්බද,1
අවලං,1
බල්ලට,1
ටෞකන,1
කොල්ලෙක්ලු,1
නූගත්තු,1
පුකේද,1
කෙලින,1
වගේ,1
බල්ලියෝන්,1
තම්බින්ට,1
වෙස්සි,1
තලාගන්නැතිව,1
හොම්බ,1
නොදොකින්,1
ඇමිණින්න,1
උත්තෝ,1
ගහද්දි,1
කාලකණ්ණිකම්,1
පකඩයෝ,1
පව්කාර,1
ගොංමංපිල,1
ගොංවංශ,1
මකබෑවියං,1
ජාවාරම්,1
ඔකුන්,1
හුම්කන්නා,1
තම්බියෙක්වත්,1
හැමණුනා,1
කිම්බකට,1
පාලුවෝ,1
අම්බලං,1
පැත්තෙ,1
නාකිච්චි,1
මුස්පේන්තුවා,1
කැම්රි,1
හැමිනෙන්නත්,1
නාකියත්,1
රෙවිල,1
ගුටිත්,1
කොරවක්,1
ආණ්ඩුවට,1
ගනිකාව,1
ගොන,1
කුහකයෝනේ,1
වේසියෙර්,1
කෙළින,1
හතයි,1
ගෝතයෝ,1
ගොංනේ,1
නිවටයන්ගේ,1
පණ,1
සිකයියෙක්ට,1
හුකාන,1
ගෙම්බෙක්,1
පරට්ටී,1
සක්කිලියන්ගේ,1
වලලියන්,1
බුරුවො,1
පුතානෝ,1
ගොනෙක්,1
කැරියගෙ,1
ඕකගෙන්,1
රෙද්දයි,1
හුජ්ජයි,1
පොන්නයින්ටම,1
පිස්සියක්,1
පොරක්,1
බඩුවගෙ,1
පකෑලා,1
බැල්ලියනේ,1
පුක්කි,1
අප්පිරියත්,1
විඳවපිය,1
ලෑලි,1
සක්කිලිට,1
මූසලයෝ,1
සෙත්තපෝච්චි,1
පයියේය,1
සක්කිලියො,1
පුකෙන්ද,1
පරපුටුවා,1
මැරියන්කෝ,1
මේකිට,1
නෙදකු,1
සුද්දන්ට,1
අනාථ,1
පරයින්ගෙන්,1
බෙටි,1
තිරිසං,1
පැත්තට,1
හුත්තලටනන්,1
බලුවැඩ,1
වද,1
බිජ්ජක්වත්,1
නඩ,1
චීවර,1
ලේ,1
බිජ්ජන්ගෙ,1
තන්දෙක,1
පැණියොත්,1
සෙවළ,1
බේරෙ,1
සික්,1
රස්තියදු,1
කුක්කොද,1
ටෙෳකන්න,1
හුකනෝ,1
සෙද්ද,1
පුතාලව,1
සුප්පපන්,1
ලොල්ල,1
රීගෙන,1
රියල්,1
පිච්චන්ම,1
හරක්ද,1
හුත්තනෙ,1
බිජ්ජකි,1
හූණු,1
කුක්කෙක්,1
කාළකන්ණියා,1
ෂෝ,1
හුකාපිය,1
උත්තක්නෙ,1
බුරැවො,1
හැමිනෙන්නෙපා,1
මැරිලම,1
ලොන්තයෙක්,1
මන්ධබුද්ධික,1
නපුන්සකයින්ට,1
සංකර,1
සෙවල,1
පරයයෙක්,1
කබ්බොන්ව,1
මඩකරි,1
බුදියගනින්,1
පරයන්,1
උලමා,1
තකතීරු,1
දේශපාළුවොද,1
වෙනව,1
හිඟන්නෙක්,1
හිඟන්නා,1
ගන්න,1
හරාම්,1
හරකාගේ,1
නාකිය,1
හුට්ටප්පරේ,1
වේසාවියොයි,1
තුත්තිරි,1
ගොටුකොළ,1
හුකන්නැතුව,1
පයින්,1
හිවලො,1
හෙනගහනවා,1
ගහප්,1
කැම්පස්,1
පංකාවේ,1
තොපිලගෙ,1
වාසල,1
මොක්කුද,1
පරගැති,1
වුණ,1
කෙළවෙලා,1
කල්ල,1
අසහන,1
චලකයෝ,1
හිගන්නොද,1
කපන්න්,1
වසල,1
පුතාගෙන්,1
පොන්නද,1
හු•තො,1
මුසලෙ,1
ලොල්ලො,1
අම්මටහුඩු,1
මරන්නෝන,1
මහපරයලා,1
ගොම්මං,1
බුරුවා,1
හුත්තික්කෙල්ල,1
පොන්නයෙක්නෙ,1
මගුල,1
හිටපං,1
බයි,1
කල්ලතෝනින්ට,1
ගලට,1
කිම්බගෙ,1
කුපේ,1
බල්ලව,1
මුන්ගෙ,1
පුතාලාද,1
කාලකණ්ණිය,1
සිඹින්නෙක්,1
වාචාලයා,1
පකේලා,1
ජංගියා,1
වේසම,1
ජාතිවාදීයා,1
බඩගෝස්තරවාදීන්,1
වහල්ලූ,1
පරයන්ගේ,1
පයියක,1
හරකුන්ගේ,1
දුන්නද,1
ඕකාට,1
ඕකා,1
වඳයෝ,1
කිම්බා,1
ගොනෙක්ද,1
ගොන්කම,1
හුක්,1
රන්නපොජිතයා,1
පොප්සියො,1
කොටි,1
පොන්නයනෙ,1
අරිනව,1
එක්ක,1
කනෙත්,1
ගුලි,1
හුටන්,1
අම්මලාගෙ,1
ලබ්බකුත්,1
පොටෝ,1
නකි,1
පඩත්තර,1
කාරයො,1
බුරුත්තටම,1
ගෑණූ,1
අසහනකාරයෙක්,1
පකවල්,1
වැද්ද,1
හුත්තලාට,1
මුංව,1
කාලකන්නියට,1
හොරාගේ,1
කම්බා,1
නසරානි,1
තමා,1
හංගොල්ලො,1
පකයොද,1
දදා,1
දිව,1
රෙද්දෙටද,1
සුන්තො,1
කදන්,1
දිවදාලා,1
හුකන්නමයි,1
කොලුකාරයා,1
පුකමයි,1
ඉගෙනගත්තේ,1
ආණ්ඩුවක්,1
උකන්නේ,1
කිම්බි,1
උකුණෙක්,1
කන්නින්ට,1
කාල,1
රස්තියාදු,1
අරූගෙ,1
අශුචි,1
බලපිය,1
අසහනකාර,1
ලෙඩ්ඩු,1
හුකවලා,1
හරකුනේ,1
වල,1
සමලිංගික,1
හුකෑස්,1
වල්ලකින්,1
හෙණගහන්න,1
වැහිනැති,1
කුනුහබ්බයක්වත්,1
පිෂ්ෂුඩ,1
නදකින්,1
පුකාදියත්,1
තං,1
කටුකන,1
එවැලිංජකන්,1
පාදඩයා,1
මහත,1
උබෙන්,1
pakaya,1
පයිසෙලා,1
මොන්ගල්,1
තමුසෙග,1
පස්සක්,1
මීයා,1
ගෑණුයි,1
බඩුයි,1
පලං,1
සල්ලාලයෙක්,1
හිකුවේ,1
පැටව්,1
ඇනීගෙන,1
බිම,1
ලින්ගිකයෙකු,1
පඩත්තරයන්ව,1
පකාලා,1
පකාල,1
චූටී,1
ගොබිලෙක්නේ,1
මාර,1
ඇන්නම,1
හැමිනුනත්,1
ගහගන්න,1
පොලොවේ,1
වැලහින්න,1
හුත්තවල්ම,1
උස්සන්ඩ,1
හුකන්නලද,1
ගොබ්බයොත්,1
හුත්තලට,1
පිට,1
අමනයෝ,1
ගොබිලන්ට,1
පිපුරුවත්,1
හුත්තලගේ,1
කෑහුට්ටී,1
ශුකානු,1
වාචාලයෙක්,1
පැටියෙක්ට,1
හුකාරිස්,1
හුකන්නක්ද,1
ඩයල්,1
පරයද,1
මගුල්,1
ගොනාට,1
යකඩ,1
පරයට,1
කරගන්ඩ,1
දෙයක්,1
එච්චර,1
වට්ටෝරුකිම්බ,1
හුටං,1
ලෙල්ල,1
හුට්ටෝ,1
අසුචි,1
ලොබි,1
කුනා,1
බිත්තියේ,1
ඉබ්බා,1
කාලක්ණ්නි,1
ඉඳකිං,1
යනවා,1
පතෝල,1
බුරි,1
හැමිනෙන්නියන්ගෙ,1
ගොන්පාලො,1
කාළකණ්ණි,1
තොපින්ට,1
අනුවන,1
ජෙප්පෝ,1
ජීවිත,1
ගනිල්ලා,1
ඇර,1
මන්ද,1
රෙද්දටද,1
පොන්සි,1
කිම්බෙන්,1
හුජ්ජබරට,1
හුකවගන්න,1
පොනනයා,1
සාපයක්ම,1
ඔබන,1
කාලකණ්ණියෙක්ද,1
කාලකණ්ණින්ය,1
මිනීමරු,1
සරංගලයක්,1
නොද්දකින්,1
වස්තු,1
හමනෙන්නඩම,1
අරින්න,1
ඔටු,1
නැමිලා,1
දෙකට,1
ගලවලා,1
ගහක්,1
හරකාට,1
පනික්කියා,1
තට්ටයාට,1
හුක්කට,1
පිපිම්පියා,1
දේශදෝරහි,1
බේරෙයි,1
දිග,1
නැවක්,1
දුලිප්පයියෙ,1
බැලියන්,1
තුං,1
වැස්සියෙක්,1
කේප්ප,1
කොල්ලාට,1
පැනි,1
පඩේකට,1
කැවියා,1
තනක්,1
තන,1
සෙප්පඩයින්ට,1
ගොයියට,1
රැළට,1
අමුඩ,1
මහලා,1
වහිනවා,1
බඩුවයි,1
බීල,1
හාන්න,1
ලනුවක්,1
නාස්,1
හිටහං,1
තමුසෙගේ,1
සිපයියොන්ට,1
බීලද,1
පකයලගෙ,1
ශෝ,1
දතාගේ,1
යහපාලු,1
ඉඳන්,1
ඔයි,1
කරන,1
කැරිවේසිගෙ,1
ටෞඩු,1
පොන්නයමයි,1
උගුඩුවා,1
මෝඩියා,1
නගින්නැතුව,1
හිවලෙක්ද,1
කොක්කු,1
පාලම්,1
අවජාතකයාගේ,1
අම්මගේ,1
පොනගලයෝ,1
හම්බයෝ,1
වේසිගේපුතා,1
ශික්,1
තූහ්,1
ගැනියක්ද,1
මිලේච්ඡ,1
ඉදකින්,1
ලිංගේ,1
බූතයා,1
තකතීරෑ,1
පොන්ගල,1
මැරියල්ලකෝ,1
මස්තබාල්දුයි,1
හැදිගැවිලාම,1
තොප,1
දෙමල්ලූ,1
වෙසගනෝ,1
හැල,1
හැලි,1
නරියා,1
මොංගලායා,1
පක්කලි,1
කාලකන්නින්ගෙන්,1
මොළේ,1
තිරිසනුන්,1
තම්බීන්ගේ,1
යකොව්,1
කාපං,1
හිකනලුන්ගේවත්,1
හම්බයා,1
බඩුත්,1
ඉයා,1
පුකාර,1
විකුනන,1
ගොබ්බයන්ගේ,1
වලත්තයෙක්,1
පිප්පියට,1
පාලකයන්,1
අකුලෝලා,1
පිස්සූ,1
මීහරක්ද,1
පකීර්ලව,1
අපතය,1
හුත්තියනේ,1
හුත්තටත්,1
නාකියො,1
වැස්සි,1
පිංගොනා,1
සෝදමූ,1
තව,1
සෝදමු,1
මූශලයා,1
අන්තවාදියෝ,1
හුකවල,1
චූන්,1
කලවැද්ද,1
පොන්නයගෙ,1
හුකන්නලට,1
කඩලා,1
පකයින්ගෙ,1
හුත්තිලා,1
සිප්පි,1
හුටා,1
කලකාන්නි,1
අසමජ්ජාතී,1
ම්ලේච්ඡ,1
ඉස්ටැයිලකින්,1
හූන,1
පුක්ලෝලි,1
බඩ්ඩ,1
හිකනලුන්ගේ,1
හරකුන්ගෙන්,1
සාපෙ,1
පචයාගේ,1
ඕනි,1
වඳුරු,1
අවුල්,1
මොලෙ,1
රොගියාට,1
සම්පතක්,1
රටට,1
තොපිලගේ,1
හි,1
ඌවත්,1
නිළිය,1
ලබ්බවල්වලින්,1
වර,1
එළු,1
කාලකන්ණිකම්,1
වට්ටි,1
සිබා,1
පරයෙක්මැයි,1
හපන්,1
හෝතඹුවා,1
හෝදලා,1
සට්ටැඹියන්ගෙ,1
බුරිය,1
පොර,1
උඔ,1
පුපේ,1
ලෙවන්නනෙ,1
කිහිලි,1
තුවාල,1
හකරෝ,1
මීයෙක්,1
වේසෙක්,1
බූරවො,1
බඩුවම්,1
ගෙම්බන්පිලයට,1
මෝලෝ,1
මෑටි,1
හැත්තයි,1
රෙන්ඩයි,1
පවුකාරයො,1
ගොඩයෝ,1
අම්මපා,1
ගහලත්,1
වැඩේ,1
බොටත්,1
කුහකයි,1
පලයනුත්තෝ,1
ගැහැණියක්,1
උට,1
පලාගන්නේ,1
ලෙවාස්,1
අලුගුත්තෙරුවෝ,1
බිජ්ජකද,1
කොල්ලන්ට,1
ලිංගෙම්බෝ,1
පම්කියෝද,1
උට්ටක්ද,1
කෙල්ලොන්ට,1
වේසියෙක්ට,1
පොල්බූරුවා,1
මැට්ටා,1
බල්ලියොත්,1
වේසොන්ට,1
හම්බයින්ට,1
හම්බයන්ට,1
රස්තියාදුකාරයා,1
ඔකූන්ගේ,1
තලන්න,1
කබ්බො,1
සිබාලා,1
නිදිකුම්බා,1
හැමනියන්,1
හරකුන්ට,1
හැත්තනෙ,1
පිස්සව,1
ගෑවෙන්න,1
පුත්තු,1
තුට්ටුදෙකේ,1
තකතීරුවෙක්,1
පිස්සාමූ,1
උම්මත්තකයෙක්මූ,1
නාකියාට,1
හරකුනුත්,1
පඩිගත්ත,1
යක්කූ,1
හොරාකන,1
නද්දකින්,1
අම්මගෙරෙද්ද,1
මැරියල්ල,1
මරාගෙන,1
ගවයා,1
ගලවනවා,1
සංගිලි,1
වීර,1
රිලව්,1
ගණයෝ,1
ටොයියෝ,1
අම්මාගේ,1
පයියෙ,1
බයිල,1
පුක්මන්ත,1
හිකනල්ලු,1
සෙට්,1
යකුනෙ,1
අරුන්ගේ,1
තිබ්බා,1
දේන්ඩ,1
හිනාව,1
පොන්නයෙක්ව,1
හුත්තයි,1
සමනල්ලු,1
උඹත්,1
ඕකි,1
සමලින්ගිකයෝ,1
නාකිවවිසේ,1
ඇටනමේ,1
බයියොන්ට,1
පොක්කු,1
පන්න,1
සිපයියන්ට,1
න්න,1
භූමිතෙල්,1
කොළුකාර,1
රැලටම,1
කාලකණ්ණිකම,1
මෝඩයින්ට,1
තම්බී,1
පුතානො,1
හුකාං,1
හුකන්නී,1
හුයන්නී,1
ඔනෙ,1
අපතයෝ,1
කිඹිස්ස,1
පයියාගල,1
හැමනෙන්නෙ,1
අල්ලගෙ,1
කැරිකම,1
බැල්ලියන්ගේ,1
කැරියන්ටද,1
කසයි,1
ගොබ්බම,1
හිටන්,1
කුම්භාණ්ඩයොන්ට,1
පෙරේතයො,1
කුම්භාණ්ඩයෝ,1
පෙරේතයෝ,1
අවජාතකයෙක්ට,1
පම්කෙක්,1
ගොන්බයියෝ,1
බඩුවටත්,1
ජන්ගි,1
අලියා,1
පනුවෙක්,1
දනවෝ,1
ඇදපන්,1
අමුඩයක්,1
කාළකන්නියා,1
අවජතක,1
ටහුක්,1
කාලක්ණ්නියා,1
කේ,1
නැගපං,1
අයිසේ,1
කුක්කුවට,1
කොටා,1
කෙල්ලෙක්,1
ටච්,1
හැඳිගෑවිලා,1
පාලනය,1
තම්බියෝ,1
හිකනල්,1
පරබල්ලෝ,1
දීපු,1
උත්තලා,1
වහපන්,1
බෙට්ට,1
ලැජ්ජායි,1
වේසියොඕකුං,1
හුම්මෙ,1
තංගැට,1
සුනකයා,1
හුකාගනින්,1
රීල,1
ලොල්ලා,1
හරකෙකු,1
බෞකාහන්,1
උඹල,1
බංකොලොත්,1
කහින,1
මුදලට,1
තක්කඩියෙක්,1
ඉස්සෝ,1
කික්කියො,1
කික්කියොන්ගේ,1
පබයා,1
ගුනමකුනා,1
නිවටයා,1
ඩබල්ගෙම්,1
තක්කඩියෙකි,1
ඇමිනෙන,1
ගෑණියෙක්ගේ,1
දෙදරං,1
ලදරං,1
ලිස්ට්,1
කුනුහරපය,1
කුනුහරුප,1
හිපියෙකු,1
හුකල,1
ගැහුවා,1
ලොක්,1
කාළකන්ණි,1
8216,1
හරකෙක්ගේ,1
වහුකුණු,1
හුත්තම,1
වේසාවි,1
ඉල්ලේ,1
අපතයින්ගෙ,1
වැසිකිළි,1
පාවාදෙන්නා,1
කාලකන්ණී,1
කාලකණී,1
